"DOPLogNumber","Project","Station","SampleDate","Species","SerialNumber","Year","GutContents"
1,"EDSM","18-02-CS01",8/10/2017 0:00:00,"DELSME","E1",2017,"Y"
2,"EDSM","18-03-SSC02",8/15/2017 0:00:00,"DELSME","E2",2017,"Y"
3,"EDSM","18-04-LSR03",8/21/2017 0:00:00,"DELSME","E3",2017,"y"
4,"EDSM","18-04-SSC02",8/22/2017 0:00:00,"DELSME","E4",2017,"y"
5,"EDSM","18-05-LSR02",8/28/2017 0:00:00,"DELSME","E5",2017,"y"
6,"EDSM","18-05-LSR02",8/28/2017 0:00:00,"DELSME","E6",2017,"y"
7,"EDSM","18-06-LSR01",9/8/2017 0:00:00,"DELSME","E7",2017,"y"
8,"EDSM","18-08-LSR01",9/18/2017 0:00:00,"DELSME","E8",2017,"y"
9,"EDSM","18-08-LSR01",9/18/2017 0:00:00,"DELSME","E9",2017,"y"
10,"EDSM","18-08-LSR01",9/18/2017 0:00:00,"DELSME","E10",2017,"y"
11,"EDSM","18-08-LSR01",9/18/2017 0:00:00,"DELSME","E11",2017,"y"
12,"EDSM","18-08-LSR01",9/18/2017 0:00:00,"DELSME","E12",2017,"y"
13,"EDSM","18-08-LSR01",9/18/2017 0:00:00,"DELSME","E13",2017,"y"
14,"EDSM","18-08-LSR01",9/18/2017 0:00:00,"DELSME","E14",2017,"y"
15,"EDSM","18-08-LSR01",9/18/2017 0:00:00,"DELSME","E15",2017,"y"
16,"EDSM","18-08-LSR01",9/18/2017 0:00:00,"DELSME","E16",2017,"y"
17,"EDSM","18-08-LSR01",9/18/2017 0:00:00,"DELSME","E17",2017,"y"
18,"EDSM","18-08-LSR01",9/18/2017 0:00:00,"DELSME","E18",2017,"y"
19,"EDSM","18-08-LSR01",9/18/2017 0:00:00,"DELSME","E19",2017,"n"
20,"EDSM","18-08-LSR01",9/18/2017 0:00:00,"DELSME","E20",2017,"y"
21,"EDSM","18-08-LSR01",9/18/2017 0:00:00,"DELSME","E21",2017,"y"
22,"EDSM","18-08-LSR02",9/18/2017 0:00:00,"DELSME","E22",2017,"y"
23,"EDSM","18-08-LSR02",9/18/2017 0:00:00,"DELSME","E23",2017,"y"
24,"EDSM","18-08-LSR01",9/18/2017 0:00:00,"DELSME","E24",2017,"y"
25,"EDSM","18-09-LSR01",9/29/2017 0:00:00,"DELSME","E25",2017,"y"
26,"EDSM","18-10-LSR06",10/4/2017 0:00:00,"DELSME","E26",2017,"y"
27,"EDSM","18-11-LSR01",10/10/2017 0:00:00,"DELSME","E27",2017,"y"
28,"EDSM","18-11-LSR01",10/10/2017 0:00:00,"DELSME","E28",2017,"y"
29,"EDSM","18-11-LSR01",10/10/2017 0:00:00,"DELSME","E29",2017,"Y"
30,"EDSM","18-11-LSR01",10/10/2017 0:00:00,"DELSME","E30",2017,"y"
31,"EDSM","18-11-LSR01",10/10/2017 0:00:00,"DELSME","E31",2017,"y"
32,"EDSM","18-11-LSR01",10/10/2017 0:00:00,"DELSME","E32",2017,"y"
33,"EDSM","18-11-LSR01",10/10/2017 0:00:00,"DELSME","E33",2017,"y"
34,"EDSM","18-11-LSR01",10/10/2017 0:00:00,"DELSME","E34",2017,"y"
35,"EDSM","18-11-LSR01",10/10/2017 0:00:00,"DELSME","E35",2017,"y"
36,"EDSM","18-11-LSR01",10/10/2017 0:00:00,"DELSME","E36",2017,"y"
37,"EDSM","18-11-LSR01",10/10/2017 0:00:00,"DELSME","E37",2017,"y"
38,"EDSM","18-11-LSR01",10/10/2017 0:00:00,"DELSME","E38",2017,"y"
39,"EDSM","18-11-LSR01",10/10/2017 0:00:00,"DELSME","E39",2017,"y"
40,"EDSM","18-11-LSR01",10/10/2017 0:00:00,"DELSME","E40",2017,"y"
41,"EDSM","18-11-LSR01",10/10/2017 0:00:00,"DELSME","E41",2017,"y"
42,"EDSM","18-11-LSR01",10/10/2017 0:00:00,"DELSME","E42",2017,"y"
43,"EDSM","18-11-LSR01",10/10/2017 0:00:00,"DELSME","E43",2017,"y"
44,"EDSM","18-11-LSR01",10/10/2017 0:00:00,"DELSME","E44",2017,"y"
45,"EDSM","18-11-LSR01",10/10/2017 0:00:00,"DELSME","E45",2017,"Y"
46,"EDSM","18-11-LSR01",10/10/2017 0:00:00,"DELSME","E46",2017,"y"
47,"EDSM","18-11-LSR01",10/10/2017 0:00:00,"DELSME","E47",2017,"y"
48,"EDSM","18-11-LSR01",10/10/2017 0:00:00,"DELSME","E48",2017,"y"
49,"EDSM","18-11-LSR01",10/10/2017 0:00:00,"DELSME","E49",2017,"y"
50,"EDSM","18-11-LSR01",10/10/2017 0:00:00,"DELSME","E50",2017,"y"
51,"EDSM","18-11-LSR01",10/10/2017 0:00:00,"DELSME","E51",2017,"Y"
52,"EDSM","18-11-LSR01",10/10/2017 0:00:00,"DELSME","E52",2017,"y"
53,"EDSM","18-11-LSR01",10/10/2017 0:00:00,"DELSME","E53",2017,"y"
54,"EDSM","18-11-LSR01",10/10/2017 0:00:00,"DELSME","E54",2017,"y"
55,"EDSM","18-11-LSR01",10/10/2017 0:00:00,"DELSME","E55",2017,"y"
56,"EDSM","18-11-LSR01",10/10/2017 0:00:00,"DELSME","E56",2017,"y"
57,"EDSM","18-11-LSR01",10/10/2017 0:00:00,"DELSME","E57",2017,"y"
58,"EDSM","18-11-LSR01",10/10/2017 0:00:00,"DELSME","E58",2017,"y"
59,"EDSM","18-11-LSR02",10/10/2017 0:00:00,"DELSME","E59",2017,"y"
60,"EDSM","18-11-LSR02",10/10/2017 0:00:00,"DELSME","E60",2017,"y"
61,"EDSM","18-02-SBM02",8/10/2017 0:00:00,"DELSME","E151",2017,"Y"
62,"EDSM","18-02-SBM04",8/11/2017 0:00:00,"DELSME","E152",2017,"y"
63,"EDSM","18-02-SBM04",8/11/2017 0:00:00,"DELSME","E153",2017,"y"
64,"EDSM","18-03-SM02",8/16/2017 0:00:00,"DELSME","E154",2017,"y"
65,"EDSM","18-03-SM02",8/16/2017 0:00:00,"DELSME","E155",2017,"y"
66,"EDSM","18-03-SM02",8/16/2017 0:00:00,"DELSME","E156",2017,"y"
67,"EDSM","18-03-HB01",8/16/2017 0:00:00,"DELSME","E157",2017,"y"
68,"EDSM","18-04-SBM05",8/22/2017 0:00:00,"DELSME","E158",2017,"y"
69,"EDSM","18-04-SBM05",8/22/2017 0:00:00,"DELSME","E159",2017,"y"
70,"EDSM","18-04-SBM05",8/22/2017 0:00:00,"DELSME","E160",2017,"y"
71,"EDSM","18-04-SBM05",8/22/2017 0:00:00,"DELSME","E161",2017,"y"
72,"EDSM","18-04-SBM05",8/22/2017 0:00:00,"DELSME","E162",2017,"y"
73,"EDSM","18-04-SBM02",8/22/2017 0:00:00,"DELSME","E163",2017,"y"
74,"EDSM","18-04-LSJ03",8/23/2017 0:00:00,"DELSME","E164",2017,"y"
75,"EDSM","18-05-SBM02",8/30/2017 0:00:00,"DELSME","E165",2017,"y"
76,"EDSM","18-06-SBM01",9/7/2017 0:00:00,"DELSME","E166",2017,"y"
77,"EDSM","18-06-SBM02",9/7/2017 0:00:00,"DELSME","E167",2017,"y"
78,"EDSM","18-07-SBM01",9/11/2017 0:00:00,"DELSME","E168",2017,"y"
79,"EDSM","18-07-SBM02",9/11/2017 0:00:00,"DELSME","E169",2017,"y"
80,"EDSM","18-07-HB01",9/12/2017 0:00:00,"DELSME","E170",2017,"y"
81,"EDSM","18-07-SBM03",9/12/2017 0:00:00,"DELSME","E171",2017,"y"
82,"EDSM","18-08-SM01",9/20/2017 0:00:00,"DELSME","E172",2017,"y"
83,"EDSM","18-08-SBM01",9/20/2017 0:00:00,"DELSME","E173",2017,"y"
84,"EDSM","18-09-SBM01",9/27/2017 0:00:00,"DELSME","E174",2017,"y"
85,"EDSM","18-09-SBM02",9/29/2017 0:00:00,"DELSME","E175",2017,"y"
86,"EDSM","18-11-SM01",10/10/2017 0:00:00,"DELSME","E176",2017,"y"
87,"EDSM","18-12-SM01",10/17/2017 0:00:00,"DELSME","E177",2017,"y"
88,"EDSM","18-13-LSR01",10/23/2017 0:00:00,"DELSME","E61",2017,"y"
89,"EDSM","18-15-LSR02",11/8/2017 0:00:00,"DELSME","E62",2017,"y"
90,"EDSM","18-17-LSR01",11/20/2017 0:00:00,"DELSME","E63",2017,"y"
91,"EDSM","18-13-HB01",10/25/2017 0:00:00,"DELSME","E178",2017,"y"
92,"EDSM","18-14-SM01",10/30/2017 0:00:00,"DELSME","E179",2017,"y"
93,"EDSM","18-18-SM01",11/27/2017 0:00:00,"DELSME","E180",2017,"y"
94,"EDSM","18-18-SM01",11/27/2017 0:00:00,"DELSME","E181",2017,"y"
95,"EDSM","18-18-SBM02",11/28/2017 0:00:00,"DELSME","E182",2017,"y"
96,"EDSM","18-18-HB01",11/28/2017 0:00:00,"DELSME","E183",2017,"y"
97,"EDSM","18-49-LSSC03",7/5/2018 0:00:00,"DELSME","E64",2018,"y"
98,"EDSM","18-49-LSSC03",7/5/2018 0:00:00,"DELSME","E65",2018,"y"
99,"EDSM","18-49-LSSC03",7/5/2018 0:00:00,"DELSME","E66",2018,"y"
100,"EDSM","18-49-LSSC03",7/5/2018 0:00:00,"DELSME","E67",2018,"y"
101,"EDSM","18-50-LSSC01",7/9/2018 0:00:00,"DELSME","E68",2018,"y"
102,"EDSM","18-51-LSSC01",7/18/2018 0:00:00,"DELSME","E69",2018,"y"
103,"EDSM","18-51-LSSC04",7/19/2018 0:00:00,"DELSME","E70",2018,"y"
104,"EDSM","18-52-LSSC02",7/23/2018 0:00:00,"DELSME","E71",2018,"y"
105,"EDSM","18-52-LSSC05",7/23/2018 0:00:00,"DELSME","E72",2018,"y"
106,"EDSM","18-52-LSSC03",7/24/2018 0:00:00,"DELSME","E73",2018,"y"
107,"EDSM","18-52-LSSC03",7/24/2018 0:00:00,"DELSME","E74",2018,"y"
108,"EDSM","18-52-LSSC03",7/24/2018 0:00:00,"DELSME","E75",2018,"y"
109,"EDSM","18-52-LSSC03",7/24/2018 0:00:00,"DELSME","E76",2018,"y"
110,"EDSM","18-53-LSSC01",8/1/2018 0:00:00,"DELSME","E77",2018,"y"
111,"EDSM","18-53-LSSC01",8/1/2018 0:00:00,"DELSME","E78",2018,"y"
112,"EDSM","18-53-USSC03",8/1/2018 0:00:00,"DELSME","E79",2018,"y"
113,"EDSM","18-53-USSC03",8/1/2018 0:00:00,"DELSME","E80",2018,"y"
114,"EDSM","19-02-LSSC02",8/8/2018 0:00:00,"DELSME","E81",2018,"y"
115,"EDSM","19-02-LSSC02",8/8/2018 0:00:00,"DELSME","E82",2018,"y"
116,"EDSM","19-03-LSSC01",8/14/2018 0:00:00,"DELSME","E83",2018,"y"
117,"EDSM","19-03-LSSC01",8/14/2018 0:00:00,"DELSME","E84",2018,"y"
119,"EDSM","19-03-LSSC01",8/14/2018 0:00:00,"DELSME","E86",2018,"y"
120,"EDSM","19-03-LSSC01",8/14/2018 0:00:00,"DELSME","E87",2018,"y"
121,"EDSM","19-04-LSSC03",8/20/2018 0:00:00,"DELSME","E88",2018,"y"
122,"EDSM","19-04-LSSC05",8/20/2018 0:00:00,"DELSME","E89",2018,"y"
123,"EDSM","19-04-LSSC05",8/20/2018 0:00:00,"DELSME","E90",2018,"y"
124,"EDSM","19-05-LSSC05",8/27/2018 0:00:00,"DELSME","E91",2018,"y"
125,"EDSM","19-05-LSSC05",8/27/2018 0:00:00,"DELSME","E92",2018,"y"
126,"EDSM","19-05-LSSC05",8/27/2018 0:00:00,"DELSME","E93",2018,"y"
127,"EDSM","19-05-LSSC05",8/27/2018 0:00:00,"DELSME","E94",2018,"y"
128,"EDSM","19-05-LSSC05",8/27/2018 0:00:00,"DELSME","E95",2018,"y"
129,"EDSM","19-05-LSSC05",8/27/2018 0:00:00,"DELSME","E96",2018,"y"
130,"EDSM","19-05-LSSC05",8/27/2018 0:00:00,"DELSME","E97",2018,"y"
131,"EDSM","19-07-LSSC02",9/10/2018 0:00:00,"DELSME","E98",2018,"y"
132,"EDSM","19-07-LSSC02",9/10/2018 0:00:00,"DELSME","E99",2018,"y"
133,"EDSM","18-50-LSSC01",7/9/2018 0:00:00,"DELSME","E150",2018,"y"
134,"EDSM","18-51-HB01",7/17/2018 0:00:00,"DELSME","E184",2018,"y"
135,"EDSM","18-51-CF02",7/17/2018 0:00:00,"DELSME","E185",2018,"y"
136,"EDSM","19-04-SM01",8/20/2018 0:00:00,"DELSME","E186",2018,"y"
137,"EDSM","19-04-SM01",8/20/2018 0:00:00,"DELSME","E187",2018,"y"
138,"EDSM","19-04-GB01",8/21/2018 0:00:00,"DELSME","E188",2018,"y"
139,"EDSM","19-06-SM04",9/6/2018 0:00:00,"DELSME","E189",2018,"y"
140,"EDSM","19-06-GB01",9/7/2018 0:00:00,"DELSME","E190",2018,"y"
141,"EDSM","19-03-SM05",8/14/2018 0:00:00,"DELSME","E297",2018,"y"
142,"EDSM","19-03-SM03",8/13/2018 0:00:00,"DELSME","E298",2018,"y"
143,"EDSM","18-49-CF01",7/2/2018 0:00:00,"DELSME","E299",2018,"y"
145,"EDSM","19-03-LSR01",8/13/2018 0:00:00,"DELSME","E301",2018,"y"
146,"EDSM","19-04-LSR01",8/22/2018 0:00:00,"DELSME","E302",2018,"y"
147,"EDSM","19-04-LSR01",8/22/2018 0:00:00,"DELSME","E303",2018,"y"
148,"EDSM","19-04-LSR01",8/22/2018 0:00:00,"DELSME","E304",2018,"y"
149,"EDSM","19-04-LSR01",8/22/2018 0:00:00,"DELSME","E305",2018,"y"
150,"EDSM","19-04-LSR03",8/22/2018 0:00:00,"DELSME","E306",2018,"y"
151,"EDSM","19-07-LSSC02",9/10/2018 0:00:00,"DELSME","E100",2018,"y"
152,"EDSM","19-07-LSSC02",9/10/2018 0:00:00,"DELSME","E101",2018,"y"
153,"EDSM","19-07-LSSC02",9/10/2018 0:00:00,"DELSME","E102",2018,"y"
154,"EDSM","19-07-LSSC02",9/10/2018 0:00:00,"DELSME","E103",2018,"y"
155,"EDSM","19-07-LSSC02",9/10/2018 0:00:00,"DELSME","E104",2018,"y"
156,"EDSM","19-07-LSSC02",9/10/2018 0:00:00,"DELSME","E105",2018,"y"
157,"EDSM","19-07-LSSC02",9/10/2018 0:00:00,"DELSME","E106",2018,"y"
158,"EDSM","19-07-LSSC02",9/10/2018 0:00:00,"DELSME","E107",2018,"y"
159,"EDSM","19-07-LSSC02",9/10/2018 0:00:00,"DELSME","E108",2018,"y"
160,"EDSM","19-07-LSSC02",9/10/2018 0:00:00,"DELSME","E109",2018,"y"
161,"EDSM","19-07-LSSC02",9/10/2018 0:00:00,"DELSME","E110",2018,"y"
162,"EDSM","19-07-LSSC02",9/10/2018 0:00:00,"DELSME","E111",2018,"y"
163,"EDSM","19-07-LSSC02",9/10/2018 0:00:00,"DELSME","E112",2018,"y"
164,"EDSM","19-07-LSSC06",9/11/2018 0:00:00,"DELSME","E118",2018,"y"
165,"EDSM","19-07-LSSC06",9/11/2018 0:00:00,"DELSME","E119",2018,"y"
166,"EDSM","19-07-LSSC06",9/11/2018 0:00:00,"DELSME","E120",2018,"y"
167,"EDSM","19-07-LSSC06",9/11/2018 0:00:00,"DELSME","E121",2018,"y"
168,"EDSM","19-08-LSSC03",9/20/2018 0:00:00,"DELSME","E122",2018,"y"
169,"EDSM","19-08-LSSC03",9/20/2018 0:00:00,"DELSME","E123",2018,"y"
170,"EDSM","19-09-LSSC05",9/26/2018 0:00:00,"DELSME","E124",2018,"y"
171,"EDSM","19-09-LSSC05",9/26/2018 0:00:00,"DELSME","E125",2018,"y"
172,"EDSM","19-09-LSSC05",9/26/2018 0:00:00,"DELSME","E126",2018,"y"
173,"EDSM","19-09-LSSC05",9/26/2018 0:00:00,"DELSME","E127",2018,"y"
174,"EDSM","19-09-LSSC05",9/26/2018 0:00:00,"DELSME","E128",2018,"y"
175,"EDSM","19-09-LSSC02",9/27/2018 0:00:00,"DELSME","E129",2018,"y"
176,"EDSM","19-09-LSSC02",9/27/2018 0:00:00,"DELSME","E130",2018,"y"
177,"EDSM","19-09-LSSC02",9/27/2018 0:00:00,"DELSME","E131",2018,"y"
178,"EDSM","19-09-LSSC02",9/27/2018 0:00:00,"DELSME","E132",2018,"y"
179,"EDSM","19-09-LSSC02",9/27/2018 0:00:00,"DELSME","E133",2018,"y"
180,"EDSM","19-09-LSSC02",9/27/2018 0:00:00,"DELSME","E134",2018,"y"
181,"EDSM","19-09-LSSC02",9/27/2018 0:00:00,"DELSME","E135",2018,"y"
182,"EDSM","19-10-LSSC01",10/4/2018 0:00:00,"DELSME","E136",2018,
183,"EDSM","19-10-LSSC01",10/4/2018 0:00:00,"DELSME","E137",2018,"y"
184,"EDSM","19-10-LSSC01",10/4/2018 0:00:00,"DELSME","E138",2018,"y"
185,"EDSM","19-10-LSSC01",10/4/2018 0:00:00,"DELSME","E139",2018,"y"
186,"EDSM","19-11-LSSC06",10/9/2018 0:00:00,"DELSME","E140",2018,"y"
187,"EDSM","19-11-LSSC03",10/9/2018 0:00:00,"DELSME","E141",2018,"y"
188,"EDSM","19-11-LSSC03",10/9/2018 0:00:00,"DELSME","E142",2018,"y"
189,"EDSM","19-12-LSSC03",10/17/2018 0:00:00,"DELSME","E143",2018,"y"
190,"EDSM","19-12-LSSC04",10/17/2018 0:00:00,"DELSME","E144",2018,"y"
191,"EDSM","19-12-LSSC04",10/17/2018 0:00:00,"DELSME","E145",2018,"y"
192,"EDSM","19-12-LSSC04",10/17/2018 0:00:00,"DELSME","E146",2018,"y"
193,"EDSM","19-12-LSSC04",10/17/2018 0:00:00,"DELSME","E147",2018,"y"
194,"EDSM","19-12-LSSC04",10/17/2018 0:00:00,"DELSME","E148",2018,"y"
195,"EDSM","19-12-LSSC04",10/17/2018 0:00:00,"DELSME","E149",2018,"y"
196,"EDSM","19-15-SM01",11/7/2018 0:00:00,"DELSME","E191",2018,"y"
197,"EDSM","19-15-SM04",11/8/2018 0:00:00,"DELSME","E192",2018,"y"
198,"EDSM","19-18-SM02",11/26/2018 0:00:00,"DELSME","E193",2018,"y"
199,"EDSM","19-11-LSR01",10/9/2018 0:00:00,"DELSME","E321",2018,"y"
200,"EDSM","19-11-LSR01",10/9/2018 0:00:00,"DELSME","E322",2018,"y"
201,"EDSM","19-11-LSR01",10/9/2018 0:00:00,"DELSME","E323",2018,"y"
202,"EDSM","19-11-LSR01",10/9/2018 0:00:00,"DELSME","E324",2018,"y"
203,"EDSM","19-14-LSR03",10/29/2018 0:00:00,"DELSME","E325",2018,"y"
204,"EDSM","19-14-LSR02",10/30/2018 0:00:00,"DELSME","E326",2018,"y"
205,"EDSM","19-18-LSR03",11/29/2018 0:00:00,"DELSME","E395",2018,"y"
206,"EDSM","19-18-LSR03",11/29/2018 0:00:00,"DELSME","E396",2018,"y"
207,"EDSM","19-12-LSSC04",10/17/2018 0:00:00,"DELSME","E397",2018,"y"
208,"EDSM","19-12-LSSC04",10/17/2018 0:00:00,"DELSME","E398",2018,"y"
209,"EDSM","19-12-LSSC04",10/17/2018 0:00:00,"DELSME","E399",2018,"y"
210,"EDSM","19-12-LSSC04",10/17/2018 0:00:00,"DELSME","E400",2018,"y"
211,"EDSM","19-12-LSSC04",10/17/2018 0:00:00,"DELSME","E401",2018,"y"
212,"EDSM","19-12-LSSC04",10/17/2018 0:00:00,"DELSME","E402",2018,"y"
213,"EDSM","19-12-LSSC04",10/17/2018 0:00:00,"DELSME","E403",2018,"y"
214,"EDSM","19-12-LSSC04",10/17/2018 0:00:00,"DELSME","E404",2018,"y"
215,"EDSM","19-12-LSSC04",10/17/2018 0:00:00,"DELSME","E405",2018,"y"
216,"EDSM","19-12-LSSC04",10/17/2018 0:00:00,"DELSME","E406",2018,"y"
217,"EDSM","19-14-LSSC03",10/31/2018 0:00:00,"DELSME","E407",2018,"y"
218,"EDSM","19-14-USSC01",10/31/2018 0:00:00,"DELSME","E408",2018,"y"
219,"EDSM","19-14-LSSC06",11/1/2018 0:00:00,"DELSME","E409",2018,"y"
220,"EDSM","19-14-LSSC06",11/1/2018 0:00:00,"DELSME","E410",2018,"y"
221,"EDSM","19-14-LSSC06",11/1/2018 0:00:00,"DELSME","E411",2018,"y"
222,"EDSM","19-14-LSSC06",11/1/2018 0:00:00,"DELSME","E412",2018,"y"
223,"EDSM","19-15-LSSC01",11/7/2018 0:00:00,"DELSME","E413",2018,"y"
224,"EDSM","19-15-LSSC01",11/7/2018 0:00:00,"DELSME","E414",2018,"y"
225,"EDSM","19-17-LSSC02",11/21/2018 0:00:00,"DELSME","E416",2018,"y"
226,"EDSM","19-08-LSR02",9/17/2018 0:00:00,"DELSME","E307",2018,"y"
227,"EDSM","19-08-LSR02",9/17/2018 0:00:00,"DELSME","E308",2018,"y"
228,"EDSM","19-08-LSR02",9/17/2018 0:00:00,"DELSME","E309",2018,"y"
229,"EDSM","19-08-LSR02",9/17/2018 0:00:00,"DELSME","E310",2018,"y"
230,"EDSM","19-08-LSR02",9/17/2018 0:00:00,"DELSME","E311",2018,"Y"
231,"EDSM","19-08-LSR02",9/17/2018 0:00:00,"DELSME","E312",2018,"y"
232,"EDSM","19-08-LSR02",9/17/2018 0:00:00,"DELSME","E313",2018,"y"
233,"EDSM","19-08-LSR02",9/17/2018 0:00:00,"DELSME","E314",2018,"y"
234,"EDSM","19-08-LSR02",9/17/2018 0:00:00,"DELSME","E315",2018,"y"
235,"EDSM","19-08-LSR02",9/17/2018 0:00:00,"DELSME","E316",2018,"y"
236,"EDSM","19-08-LSR02",9/17/2018 0:00:00,"DELSME","E317",2018,"y"
237,"EDSM","19-08-LSR02",9/17/2018 0:00:00,"DELSME","E318",2018,"y"
238,"EDSM","19-08-LSR02",9/17/2018 0:00:00,"DELSME","E319",2018,"y"
239,"EDSM","19-09-LSR02",9/24/2018 0:00:00,"DELSME","E320",2018,"y"
240,"EDSM","19-07-LSSC02",9/10/2018 0:00:00,"DELSME","E113",2018,"y"
241,"EDSM","19-07-LSSC02",9/10/2018 0:00:00,"DELSME","E114",2018,"y"
242,"EDSM","19-07-LSSC02",9/10/2018 0:00:00,"DELSME","E115",2018,"y"
243,"EDSM","19-07-LSSC02",9/10/2018 0:00:00,"DELSME","E116",2018,"y"
245,"EDSM","20-04-HB01",8/21/2019 0:00:00,"DELSME","E296",2019,"Y"
246,"EDSM","20-03-LSSC02",8/16/2019 0:00:00,"DELSME","E472",2019,"n"
247,"EDSM","20-04-LSSC02",8/19/2019 0:00:00,"DELSME","E574",2019,"y"
248,"EDSM","20-03-LSSC02",8/16/2019 0:00:00,"DELSME","E468",2019,"N"
249,"EDSM","20-03-LSSC02",8/16/2019 0:00:00,"DELSME","E473",2019,"y"
250,"EDSM","20-03-LSSC02",8/16/2019 0:00:00,"DELSME","E471",2019,"Y"
251,"EDSM","20-03-HB01",8/13/2019 0:00:00,"DELSME","E337",2019,"y"
252,"EDSM","20-03-SM06",8/16/2019 0:00:00,"DELSME","E338",2019,"y"
253,"EDSM","19-52-LSSC02",7/25/2019 0:00:00,"DELSME","E464",2019,"Y"
254,"EDSM","20-03-LSSC02",8/16/2019 0:00:00,"DELSME","E470",2019,"Y"
255,"EDSM","20-03-LSSC02",8/16/2019 0:00:00,"DELSME","E469",2019,"Y"
256,"EDSM","20-02-SM03",8/6/2019 0:00:00,"DELSME","E336",2019,"y"
257,"EDSM","20-02-LSSC02",8/8/2019 0:00:00,"DELSME","E573",2019,"y"
258,"EDSM","19-53-LSSC04",7/30/2019 0:00:00,"DELSME","E571",2019,"y"
259,"EDSM","19-53-SBM03",7/30/2019 0:00:00,"DELSME","E334",2019,"y"
260,"EDSM","19-53-LSSC02",7/29/2019 0:00:00,"DELSME","E568",2019,"Y"
261,"EDSM","19-49-SBM02",7/5/2019 0:00:00,"DELSME","E194",2019,"Y"
262,"EDSM","19-51-HB01",7/15/2019 0:00:00,"DELSME","E195",2019,"y"
263,"EDSM","19-51-SBM01",7/15/2019 0:00:00,"DELSME","E196",2019,"y"
264,"EDSM","19-51-LSR02",7/17/2019 0:00:00,"DELSME","E197",2019,"y"
265,"EDSM","19-51-LSR02",7/17/2019 0:00:00,"DELSME","E198",2019,"y"
266,"EDSM","19-51-LSR03",7/17/2019 0:00:00,"DELSME","E199",2019,"y"
267,"EDSM","19-52-LSR01",7/24/2019 0:00:00,"DELSME","E200",2019,"y"
268,"EDSM","19-49-SM01",7/3/2019 0:00:00,"DELSME","E327",2019,"y"
269,"EDSM","19-49-SM01",7/3/2019 0:00:00,"DELSME","E328",2019,
270,"EDSM","19-50-SM03",7/9/2019 0:00:00,"DELSME","E329",2019,"y"
271,"EDSM","19-50-SBM01",7/10/2019 0:00:00,"DELSME","E330",2019,"Y"
272,"EDSM","19-51-SBW02",7/16/2019 0:00:00,"DELSME","E331",2019,"N"
273,"EDSM","19-53-SBW01",7/30/2019 0:00:00,"DELSME","E332",2019,"n"
274,"EDSM","19-53-SBM03",7/30/2019 0:00:00,"DELSME","E333",2019,"y"
275,"EDSM","19-53-GB01",7/31/2019 0:00:00,"DELSME","E335",2019,"y"
276,"EDSM","19-49-LSSC03",7/3/2019 0:00:00,"DELSME","E417",2019,"y"
277,"EDSM","19-49-LSSC03",7/3/2019 0:00:00,"DELSME","E418",2019,"y"
278,"EDSM","19-49-LSSC01",7/3/2019 0:00:00,"DELSME","E419",2019,"y"
279,"EDSM","19-49-LSSC01",7/3/2019 0:00:00,"DELSME","E420",2019,"n"
280,"EDSM","19-49-LSSC01",7/3/2019 0:00:00,"DELSME","E421",2019,"n"
281,"EDSM","19-49-LSSC01",7/3/2019 0:00:00,"DELSME","E422",2019,"y"
282,"EDSM","19-49-LSSC01",7/3/2019 0:00:00,"DELSME","E423",2019,"y"
283,"EDSM","19-49-LSSC01",7/3/2019 0:00:00,"DELSME","E424",2019,"n"
284,"EDSM","19-49-LSSC01",7/3/2019 0:00:00,"DELSME","E425",2019,"n"
285,"EDSM","19-49-LSSC01",7/3/2019 0:00:00,"DELSME","E426",2019,"n"
286,"EDSM","19-49-LSSC01",7/3/2019 0:00:00,"DELSME","E427",2019,"y"
287,"EDSM","19-49-LSSC01",7/3/2019 0:00:00,"DELSME","E428",2019,"y"
288,"EDSM","19-49-LSSC01",7/3/2019 0:00:00,"DELSME","E429",2019,"y"
289,"EDSM","19-49-LSSC01",7/3/2019 0:00:00,"DELSME","E430",2019,"y"
290,"EDSM","19-49-LSSC01",7/3/2019 0:00:00,"DELSME","E431",2019,"N"
291,"EDSM","19-49-LSSC01",7/3/2019 0:00:00,"DELSME","E432",2019,"Y"
292,"EDSM","19-49-LSSC01",7/3/2019 0:00:00,"DELSME","E433",2019,"y"
293,"EDSM","19-49-LSSC01",7/3/2019 0:00:00,"DELSME","E434",2019,"N"
294,"EDSM","19-49-LSSC01",7/3/2019 0:00:00,"DELSME","E435",2019,"n"
295,"EDSM","19-49-LSSC01",7/3/2019 0:00:00,"DELSME","E436",2019,"y"
296,"EDSM","19-49-LSSC01",7/3/2019 0:00:00,"DELSME","E437",2019,"n"
297,"EDSM","19-49-LSSC01",7/3/2019 0:00:00,"DELSME","E440",2019,"N"
298,"EDSM","19-49-LSSC01",7/3/2019 0:00:00,"DELSME","E441",2019,"Y"
299,"EDSM","19-49-LSSC01",7/3/2019 0:00:00,"DELSME","E442",2019,"n"
300,"EDSM","19-49-LSSC01",7/3/2019 0:00:00,"DELSME","E443",2019,"n"
301,"EDSM","19-49-LSSC01",7/3/2019 0:00:00,"DELSME","E444",2019,"y"
302,"EDSM","19-49-LSSC01",7/3/2019 0:00:00,"DELSME","E445",2019,"n"
303,"EDSM","19-49-LSSC01",7/3/2019 0:00:00,"DELSME","E446",2019,"n"
304,"EDSM","19-49-LSSC01",7/3/2019 0:00:00,"DELSME","E447",2019,"n"
305,"EDSM","19-49-LSSC02",7/3/2019 0:00:00,"DELSME","E448",2019,"y"
306,"EDSM","19-49-LSSC02",7/3/2019 0:00:00,"DELSME","E449",2019,"y"
307,"EDSM","19-49-LSSC02",7/3/2019 0:00:00,"DELSME","E450",2019,"y"
308,"EDSM","19-49-LSSC02",7/3/2019 0:00:00,"DELSME","E451",2019,"y"
309,"EDSM","19-49-LSSC02",7/3/2019 0:00:00,"DELSME","E452",2019,"y"
310,"EDSM","19-49-LSSC02",7/3/2019 0:00:00,"DELSME","E453",2019,"y"
311,"EDSM","19-49-LSSC02",7/3/2019 0:00:00,"DELSME","E454",2019,"y"
312,"EDSM","19-49-LSSC02",7/3/2019 0:00:00,"DELSME","E455",2019,"y"
313,"EDSM","19-49-LSSC02",7/3/2019 0:00:00,"DELSME","E456",2019,"y"
314,"EDSM","19-49-LSSC02",7/3/2019 0:00:00,"DELSME","E459",2019,"y"
315,"EDSM","19-50-CS05",7/10/2019 0:00:00,"DELSME","E460",2019,"y"
316,"EDSM","19-52-LSSC03",7/24/2019 0:00:00,"DELSME","E461",2019,"y"
317,"EDSM","19-52-LSSC03",7/24/2019 0:00:00,"DELSME","E462",2019,"y"
318,"EDSM","19-52-LSSC03",7/24/2019 0:00:00,"DELSME","E463",2019,"y"
319,"EDSM","19-52-LSSC02",7/25/2019 0:00:00,"DELSME","E465",2019,"y"
320,"EDSM","19-52-LSSC02",7/25/2019 0:00:00,"DELSME","E466",2019,"y"
321,"EDSM","19-52-LSSC02",7/25/2019 0:00:00,"DELSME","E467",2019,"y"
322,"EDSM","19-52-LSSC03",7/24/2019 0:00:00,"DELSME","E549",2019,"y"
323,"EDSM","19-52-LSSC03",7/24/2019 0:00:00,"DELSME","E550",2019,"y"
324,"EDSM","19-52-LSSC03",7/24/2019 0:00:00,"DELSME","E551",2019,"y"
325,"EDSM","19-52-LSSC03",7/24/2019 0:00:00,"DELSME","E552",2019,"y"
326,"EDSM","19-51-LSSC02",7/15/2019 0:00:00,"DELSME","E553",2019,"y"
327,"EDSM","19-50-LSSC05",7/9/2019 0:00:00,"DELSME","E554",2019,"y"
328,"EDSM","19-50-LSSC03",7/8/2019 0:00:00,"DELSME","E555",2019,"y"
329,"EDSM","19-50-LSSC03",7/8/2019 0:00:00,"DELSME","E556",2019,"y"
330,"EDSM","19-50-LSSC03",7/8/2019 0:00:00,"DELSME","E557",2019,"y"
331,"EDSM","19-50-LSSC03",7/8/2019 0:00:00,"DELSME","E558",2019,"y"
332,"EDSM","19-50-LSSC02",7/8/2019 0:00:00,"DELSME","E559",2019,"y"
333,"EDSM","19-50-LSSC02",7/8/2019 0:00:00,"DELSME","E560",2019,"y"
334,"EDSM","19-50-LSSC02",7/8/2019 0:00:00,"DELSME","E561",2019,"y"
335,"EDSM","19-50-LSSC02",7/8/2019 0:00:00,"DELSME","E562",2019,"y"
336,"EDSM","19-50-LSSC02",7/8/2019 0:00:00,"DELSME","E563",2019,"y"
337,"EDSM","19-50-LSSC02",7/8/2019 0:00:00,"DELSME","E564",2019,"y"
338,"EDSM","19-53-LSSC02",7/29/2019 0:00:00,"DELSME","E565",2019,"y"
339,"EDSM","19-53-LSSC02",7/29/2019 0:00:00,"DELSME","E566",2019,"y"
340,"EDSM","19-53-LSSC02",7/29/2019 0:00:00,"DELSME","E567",2019,"y"
341,"EDSM","19-53-LSSC01",7/29/2019 0:00:00,"DELSME","E570",2019,"y"
342,"EDSM","20-07-SBM01",9/13/2019 0:00:00,"DELSME","E201",2019,"Y"
343,"EDSM","20-08-CF01",9/17/2019 0:00:00,"DELSME","E202",2019,"Y"
344,"EDSM","20-08-CF01",9/17/2019 0:00:00,"DELSME","E203",2019,"Y"
345,"EDSM","20-11-LSR03",10/7/2019 0:00:00,"DELSME","E204",2019,"Y"
346,"EDSM","20-13-CF01",10/23/2019 0:00:00,"DELSME","E205",2019,"Y"
347,"EDSM","20-14-LSR01",10/28/2019 0:00:00,"DELSME","E206",2019,"Y"
348,"EDSM","20-13-HB01",10/22/2019 0:00:00,"DELSME","E339",2019,"Y"
349,"EDSM","19-50-LSSC02",7/8/2019 0:00:00,"DELSME","E340",2019,"Y"
350,"EDSM","19-50-LSSC05",7/9/2019 0:00:00,"DELSME","E341",2019,
351,"EDSM","19-53-LSSC05",7/30/2019 0:00:00,"DELSME","E342",2019,"Y"
352,"EDSM","20-07-LSSC01",9/9/2019 0:00:00,"DELSME","E474",2019,"Y"
353,"EDSM","20-07-LSSC03",9/10/2019 0:00:00,"DELSME","E475",2019,"Y"
354,"EDSM","20-14-LSSC05",10/29/2019 0:00:00,"DELSME","E476",2019,"Y"
355,"EDSM","20-12-LSSC01",10/15/2019 0:00:00,"DELSME","E577",2019,"Y"
356,"ELS","19-42-GBSM01",5/14/2019 0:00:00,"DELSME","L2400",2019,"Y"
357,"ELS","19-41-SC02",5/7/2019 0:00:00,"DELSME","L0544",2019,"Y"
358,"ELS","19-43-SC03",5/21/2019 0:00:00,"DELSME","L1481",2019,"Y"
359,"ELS","19-41-SC03",5/7/2019 0:00:00,"DELSME","L0230",2019,"Y"
360,"ELS","19-39-SC01",4/23/2019 0:00:00,"DELSME","L0493",2019,"Y"
361,"ELS","19-41-SC04",5/7/2019 0:00:00,"DELSME","L0207",2019,"Y"
362,"ELS","19-39-SL05",4/25/2019 0:00:00,"DELSME","L1645",2019,"Y"
363,"ELS","19-39-SC03",4/23/2019 0:00:00,"DELSME","L0510",2019,"N"
364,"ELS","19-43-SC05",5/21/2019 0:00:00,"DELSME","L0061",2019,"Y"
365,"ELS","19-39-SC01",4/23/2019 0:00:00,"DELSME","L0443",2019,"Y"
366,"ELS","19-39-SC03",4/23/2019 0:00:00,"DELSME","L0053",2019,"y"
367,"ELS","19-39-SC03",4/23/2019 0:00:00,"DELSME","L0055",2019,"y"
368,"ELS","19-43-SC05",5/21/2019 0:00:00,"DELSME","L0091",2019,"n"
369,"ELS","19-43-SC03",5/21/2019 0:00:00,"DELSME","L0131",2019,"y"
370,"ELS","19-43-SC04",5/21/2019 0:00:00,"DELSME","L0153",2019,"y"
371,"ELS","19-41-SC03",5/7/2019 0:00:00,"DELSME","L0231",2019,"y"
372,"ELS","19-39-SC01",4/23/2019 0:00:00,"DELSME","L0268",2019,"y"
373,"ELS","19-39-SC02",4/23/2019 0:00:00,"DELSME","L0287",2019,"y"
374,"ELS","19-39-SC03",4/23/2019 0:00:00,"DELSME","L0368",2019,"y"
375,"ELS","19-39-SC01",4/23/2019 0:00:00,"DELSME","L0374",2019,"y"
376,"ELS","19-36-DI04",4/4/2019 0:00:00,"DELSME","L0448",2019,"y"
377,"ELS","19-39-SC05",4/23/2019 0:00:00,"DELSME","L0491",2019,"n"
378,"ELS","19-43-SC05",5/21/2019 0:00:00,"DELSME","L0526",2019,"y"
379,"ELS","19-43-SC01",5/21/2019 0:00:00,"DELSME","L0530",2019,"y"
380,"ELS","19-43-SC05",5/21/2019 0:00:00,"DELSME","L0537",2019,"y"
381,"ELS","19-42-DI03",5/16/2019 0:00:00,"DELSME","L0541",2019,"n"
382,"ELS","19-43-SC03",5/21/2019 0:00:00,"DELSME","L0713",2019,"n"
383,"ELS","19-43-SC05",5/21/2019 0:00:00,"DELSME","L0828",2019,"y"
384,"ELS","19-43-SC02",5/21/2019 0:00:00,"DELSME","L0771",2019,"y"
385,"ELS","19-41-SC04",5/7/2019 0:00:00,"DELSME","L0860",2019,"y"
386,"ELS","19-43-SC01",5/21/2019 0:00:00,"DELSME","L0886",2019,"y"
387,"ELS","19-43-SC02",5/21/2019 0:00:00,"DELSME","L0982",2019,"y"
388,"ELS","19-43-SC02",5/21/2019 0:00:00,"DELSME","L0991",2019,"n"
389,"ELS","19-43-SC01",5/21/2019 0:00:00,"DELSME","L1018",2019,"y"
390,"ELS","19-43-SC02",5/21/2019 0:00:00,"DELSME","L1032",2019,"Y"
391,"ELS","19-43-SC01",5/21/2019 0:00:00,"DELSME","L1049",2019,"Y"
392,"ELS","19-43-SC03",5/21/2019 0:00:00,"DELSME","L1067",2019,"Y"
393,"ELS","19-43-SC03",5/21/2019 0:00:00,"DELSME","L1072",2019,"Y"
394,"ELS","19-43-SC03",5/21/2019 0:00:00,"DELSME","L1102",2019,"Y"
395,"ELS","19-43-SC05",5/21/2019 0:00:00,"DELSME","L1236",2019,"Y"
396,"ELS","19-43-SC05",5/21/2019 0:00:00,"DELSME","L1361",2019,"Y"
397,"ELS","19-43-SC01",5/21/2019 0:00:00,"DELSME","L1374",2019,"Y"
398,"ELS","19-43-SC01",5/21/2019 0:00:00,"DELSME","L1378",2019,"Y"
399,"ELS","19-43-SC05",5/21/2019 0:00:00,"DELSME","L1382",2019,"Y"
400,"ELS","19-43-SC03",5/21/2019 0:00:00,"DELSME","L1386",2019,"Y"
401,"ELS","19-44-GBSM25",5/30/2019 0:00:00,"DELSME","L1712",2019,"N"
402,"ELS","19-41-SC06",5/7/2019 0:00:00,"DELSME","L1730",2019,"Y"
403,"ELS","19-45-LSSC05",6/5/2019 0:00:00,"DELSME","L2256",2019,"Y"
404,"EDSM","20-38-USSC02",4/15/2020 0:00:00,"DELSME","L0357",2020,"Y"
405,"EDSM","20-42-LSSC01",5/11/2020 0:00:00,"DELSME","L0082",2020,"Y"
406,"EDSM","20-42-LSSC04",5/11/2020 0:00:00,"DELSME","L0767",2020,"Y"
407,"EDSM","20-43-LSSC02",5/19/2020 0:00:00,"DELSME","L0032",2020,"Y"
408,"EDSM","20-43-LSSC08",5/19/2020 0:00:00,"DELSME","L0624",2020,"Y"
409,"EDSM","20-43-LSSC05",5/20/2020 0:00:00,"DELSME","L0202",2020,"Y"
410,"EDSM","20-43-LSSC05",5/22/2020 0:00:00,"DELSME","L0007",2020,"Y"
411,"EDSM","20-43-LSSC06",5/24/2020 0:00:00,"DELSME","L0107",2020,"Y"
412,"EDSM","20-45-LSSC03",6/2/2020 0:00:00,"DELSME","Vial 1",2020,"Y"
413,"ELS","19-39-SC01",4/23/2019 0:00:00,"DELSME","L0437",2019,"Y"
414,"ELS","19-39-SC05",4/23/2019 0:00:00,"DELSME","L0490",2019,"Y"
415,"ELS","19-44-GBSM42",5/30/2019 0:00:00,"DELSME","L1120",2019,"Y"
416,"ELS","19-43-SC03",5/21/2019 0:00:00,"DELSME","L2142",2019,"Y"
417,"EDSM","20-37-USSC04",4/9/2020 0:00:00,"DELSME","L0130",2020,"Y"
418,"EDSM","20-39-USSC01",4/20/2020 0:00:00,"DELSME","L0543",2020,"Y"
419,"EDSM","20-39-LSSC05",4/21/2020 0:00:00,"DELSME","L0474",2020,"Y"
420,"EDSM","21-02-LSR03",8/6/2020 0:00:00,"DELSME","E207",2020,"y"
421,"EDSM","20-50-LSR01",7/8/2020 0:00:00,"DELSME","E220",2020,"y"
422,"EDSM","20-50-LSR01",7/8/2020 0:00:00,"DELSME","E221",2020,"y"
423,"EDSM","20-50-LSR01",7/8/2020 0:00:00,"DELSME","E222",2020,"y"
424,"EDSM","20-50-RV02",7/9/2020 0:00:00,"DELSME","E223",2020,"y"
425,"EDSM","20-49-LSSC05",7/2/2020 0:00:00,"DELSME","E224",2020,"y"
426,"EDSM","20-50-LSSC01",7/6/2020 0:00:00,"DELSME","E225",2020,"y"
427,"EDSM","20-50-LSSC02",7/6/2020 0:00:00,"DELSME","E226",2020,"y"
428,"EDSM","20-50-LSSC05",7/7/2020 0:00:00,"DELSME","E227",2020,"y"
429,"EDSM","20-51-LSSC02",7/15/2020 0:00:00,"DELSME","E228",2020,"n"
430,"EDSM","21-02-LSSC05",8/5/2020 0:00:00,"DELSME","E229",2020,"y"
431,"EDSM","21-03-LSSC01",8/12/2020 0:00:00,"DELSME","E230",2020,"y"
432,"EDSM","21-03-LSSC05",8/13/2020 0:00:00,"DELSME","E231",2020,"y"
435,"EDSM","20-49-CF01",7/1/2020 0:00:00,"DELSME","E477",2020,"y"
436,"EDSM","20-49-CF01",7/1/2020 0:00:00,"DELSME","E478",2020,"y"
437,"EDSM","20-52-GB01",7/21/2020 0:00:00,"DELSME","E479",2020,"y"
438,"EDSM","20-50-LSR01",7/8/2020 0:00:00,"DELSME","E480",2020,"y"
439,"EDSM","20-50-LSSC02",7/6/2020 0:00:00,"DELSME","E481",2020,
440,"EDSM","20-50-LSSC02",7/6/2020 0:00:00,"DELSME","E482",2020,"n"
441,"EDSM","21-03-GB01",8/11/2020 0:00:00,"DELSME","E484",2020,"y"
442,"EDSM","20-45-SM07",6/2/2020 0:00:00,"DELSME","E485",2020,"y"
443,"EDSM","21-09-SM03",9/23/2020 0:00:00,"DELSME","E486",2020,"Y"
444,"EDSM","21-41-LSSC07",5/4/2021 0:00:00,"DELSME","L0147",2021,"y"
445,"EDSM","21-38-LSSC02",4/12/2021 0:00:00,"DELSME","L0017",2021,
446,"EDSM","21-36-SM08",3/31/2021 0:00:00,"DELSME","L1070",2021,"n"
447,"EDSM","21-41-LSSC07",5/4/2021 0:00:00,"DELSME","L0372",2021,"y"
448,"EDSM","21-41-LSSC07",5/4/2021 0:00:00,"DELSME","L0134",2021,"n"
449,"DJFMP","SB018N",12/29/2021 0:00:00,"DELSME","S-1",2021,"Y"
450,"EDSM","22-25-SM02",1/18/2022 0:00:00,"DELSME","S-002",2022,"Y"
451,"EDSM","22-21-RV02",12/23/2021 0:00:00,"DELSME","S-108",2021,"Y"
452,"EDSM","22-20-LSR02",12/17/2021 0:00:00,"DELSME","S-101",2021,"N"
453,"EDSM","22-20-RV05",12/17/2021 0:00:00,"DELSME","S-102",2021,
454,"EDSM","22-20-RV05",12/17/2021 0:00:00,"DELSME","S-103",2021,"Y"
455,"EDSM","22-20-RV05",12/17/2021 0:00:00,"DELSME","S-104",2021,"N"
456,"EDSM","22-20-RV05",12/17/2021 0:00:00,"DELSME","S-105",2021,"Y"
457,"EDSM","22-20-RV02",12/17/2021 0:00:00,"DELSME","S-106",2021,"Y"
458,"EDSM","22-21-USSC02",12/21/2021 0:00:00,"DELSME","S-107",2021,"Y"
459,"EDSM","22-21-RV02",12/23/2021 0:00:00,"DELSME","S-109",2021,"Y"
460,"EDSM","22-22-LSR01",12/27/2021 0:00:00,"DELSME","S-110",2021,"Y"
461,"EDSM","22-22-RV02",12/28/2021 0:00:00,"DELSME","S-111",2021,"Y"
462,"EDSM","22-23-RV04",1/5/2022 0:00:00,"DELSME","S-113",2022,"Y"
463,"EDSM","22-22-RV03",12/28/2021 0:00:00,"DELSME","S-112",2021,"Y"
464,"EDSM","22-24-LSSC03",1/12/2022 0:00:00,"DELSME","S-114",2022,"Y"
465,"EDSM","22-26-LSR01",1/24/2022 0:00:00,"DELSME","S-115",2022,"N"
466,"EDSM","22-27-LSSC03",1/31/2022 0:00:00,"DELSME","S-116",2022,"Y"
467,"EDSM","22-27-LSSC03",1/31/2022 0:00:00,"DELSME","S-117",2022,"N"
468,"EDSM","22-28-LSR01",2/7/2022 0:00:00,"DELSME","S-118",2022,"Y"
469,"EDSM","22-24-LSSC03",1/12/2022 0:00:00,"DELSME","S-119",2022,"Y"
470,"EDSM","22-27-LSJ01",2/4/2022 0:00:00,"DELSME","S-202",2022,"Y"
471,"EDSM","22-21-PP02",12/23/2021 0:00:00,"DELSME","S-201",2021,"Y"
472,"CVP","CVP",1/16/2022 0:00:00,"DELSME","S-401",2022,"Y"
473,"EDSM","22-03-LSSC02",8/20/2021 0:00:00,"DELSME","E487",2021,"Y"
474,"EDSM","22-29-SM01",2/14/2022 0:00:00,"DELSME","S-003",2022,"Y"
477,"DJFMP","SB018M",2/17/2022 0:00:00,"DELSME","S-4",2022,"Y"
478,"EDSM","22-30-SM03",2/23/2022 0:00:00,"DELSME","S-005",2022,"Y"
479,"EDSM","22-30-SM03",2/23/2022 0:00:00,"DELSME","S-006",2022,"Y"
480,"EDSM","22-30-SM03",2/23/2022 0:00:00,"DELSME","S-007",2022,"Y"
481,"EDSM","22-30-SM03",2/23/2022 0:00:00,"DELSME","S-008",2022,"Y"
482,"EDSM","22-30-SM03",2/23/2022 0:00:00,"DELSME","S-009",2022,"Y"
483,"EDSM","22-31-SM01",3/3/2022 0:00:00,"DELSME","S-010",2022,"Y"
484,"EDSM","22-32-SM01",3/11/2022 0:00:00,"DELSME","0011",2022,"Y"
485,"EDSM","22-32-SM03",3/11/2022 0:00:00,"DELSME","S-012",2022,"Y"
486,"EDSM","22-34-SM01",3/22/2022 0:00:00,"DELSME","S-13",2022,"Y"
487,"EDSM","22-35-SM01",3/29/2022 0:00:00,"DELSME","S-14",2022,"Y"
488,"EDSM","22-30-LSSC01",2/24/2022 0:00:00,"DELSME","S-120",2022,"Y"
489,"EDSM","22-30-LSSC01",2/24/2022 0:00:00,"DELSME","S-121",2022,"Y"
490,"EDSM","22-30-LSSC01",2/24/2022 0:00:00,"DELSME","S-122",2022,"Y"
491,"EDSM","22-30-LSSC01",2/24/2022 0:00:00,"DELSME","S-123",2022,"Y"
492,"EDSM","22-31-USSC01",3/2/2022 0:00:00,"DELSME","S-124",2022,"Y"
493,"EDSM","22-31-LSSC02",3/2/2022 0:00:00,"DELSME","S-125",2022,"Y"
494,"EDSM","22-31-LSSC01",3/2/2022 0:00:00,"DELSME","S-126",2022,"Y"
495,"EDSM","22-31-LSSC01",3/2/2022 0:00:00,"DELSME","S-127",2022,"N"
496,"EDSM","22-32-LSSC01",3/8/2022 0:00:00,"DELSME","S-128",2022,"Y"
497,"EDSM","22-32-LSSC01",3/8/2022 0:00:00,"DELSME","S-129",2022,"Y"
498,"EDSM","22-32-LSSC01",3/8/2022 0:00:00,"DELSME","S-130",2022,"Y"
499,"EDSM","22-32-LSSC01",3/8/2022 0:00:00,"DELSME","S-131",2022,"Y"
500,"EDSM","22-32-LSSC01",3/8/2022 0:00:00,"DELSME","S-132",2022,"Y"
501,"EDSM","22-33-LSSC01",3/17/2022 0:00:00,"DELSME","S-133",2022,"Y"
502,"EDSM","22-34-CS03",3/21/2022 0:00:00,"DELSME","S-134",2022,"Y"
503,"EDSM","22-34-LSSC01",3/23/2022 0:00:00,"DELSME","S-135",2022,"Y"
504,"EDSM","22-34-USSC01",3/23/2022 0:00:00,"DELSME","S-136",2022,"Y"
505,"EDSM","22-34-LSSC02",3/23/2022 0:00:00,"DELSME","S-137",2022,
506,"EDSM","22-34-LSSC02",3/23/2022 0:00:00,"DELSME","S-138",2022,"Y"
507,"EDSM","22-34-LSSC02",3/24/2022 0:00:00,"DELSME","S-139",2022,"Y"
508,"EDSM","22-34-LSSC02",3/23/2022 0:00:00,"DELSME","S-140",2022,"Y"
509,"EDSM","22-35-LSSC01",3/31/2022 0:00:00,"DELSME","S-141",2022,"Y"
512,"EDSM","22-36-SB04",4/5/2022 0:00:00,"DELSME","525",2022,"Y"
513,"EDSM","22-38-LSR01",4/20/2022 0:00:00,"DELSME","622",2022,
517,"EDSM","22-38-SSC02",4/18/2022 0:00:00,"DELSME","710",2022,"Y"
519,"EDSM","22-44-SSC01",6/1/2022 0:00:00,"DELSME","1015",2022,"Y"
522,"EDSM","22-38-SSC10",4/18/2022 0:00:00,"DELSME","1180",2022,"Y"
528,"EDSM","23-01-LSR05",8/2/2022 0:00:00,"DELSME","S-319",2022,"Y"
529,"EDSM","23-01-LSR06",8/2/2022 0:00:00,"DELSME","S-320",2022,"Y"
530,"EDSM","23-03-SSC06",8/15/2022 0:00:00,"DELSME","S-204",2022,"Y"
531,"EDSM","23-03-SSC01",8/16/2022 0:00:00,"DELSME","S-205",2022,"Y"
532,"EDSM","23-02-LSR06",8/10/2022 0:00:00,"DELSME","S-321",2022,"Y"
533,"EDSM","23-08-SM01",9/21/2022 0:00:00,"DELSME","S-016",2022,"Y"
534,"EDSM","23-15-LSR04",11/7/2022 0:00:00,"DELSME","S-322",2022,"Y"
535,"EDSM","23-14-LSR06",11/3/2022 0:00:00,"DELSME","S-323",2022,
536,"EDSM","22-40-SSC03",5/3/2022 0:00:00,"DELSME","434",2022,"Y"
537,"EDSM","22-38-SM01",4/20/2022 0:00:00,"DELSME","1846",2022,"Y"
538,"EDSM","22-47-SSC03",6/23/2022 0:00:00,"DELSME","2239",2022,"Y"
539,"EDSM","23-27-SB02",1/30/2023 0:00:00,"DELSME","S-018",2023,"Y"
540,"EDSM","23-27-SB03",1/30/2023 0:00:00,"DELSME","S-019",2023,"Y"
541,"EDSM","23-26-CS01",1/26/2023 0:00:00,"DELSME","S-209",2023,"N"
542,"EDSM","23-26-LSR04",1/27/2023 0:00:00,"DELSME","S-210",2023,"Y"
543,"EDSM","23-27-LSR02",1/30/2023 0:00:00,"DELSME","S-211",2023,"Y"
544,"EDSM","23-27-LSR01",1/31/2023 0:00:00,"DELSME","S-212",2023,"n"
545,"EDSM","23-27-SSC01",2/1/2023 0:00:00,"DELSME","S-213",2023,"y"
546,"EDSM","23-27-SSC03",2/1/2023 0:00:00,"DELSME","S-214",2023,"y"
547,"EDSM","23-27-SSC03",2/1/2023 0:00:00,"DELSME","S-215",2023,"n"
548,"EDSM","23-27-SSC03",2/1/2023 0:00:00,"DELSME","S-216",2023,"y"
549,"EDSM","23-27-CS03",2/2/2023 0:00:00,"DELSME","S-217",2023,"y"
550,"EDSM","23-27-LSR05",2/3/2023 0:00:00,"DELSME","S-218",2023,"y"
551,"EDSM","23-27-LSR05",2/3/2023 0:00:00,"DELSME","S-219",2023,"y"
552,"EDSM","23-27-LSR05",2/3/2023 0:00:00,"DELSME","S-220",2023,"y"
554,"EDSM","23-29-LSR06",2/15/2023 0:00:00,"DELSME","S-222",2023,"y"
555,"EDSM","23-29-SSC03",2/17/2023 0:00:00,"DELSME","S-223",2023,"y"
553,"EDSM","23-28-CS06",2/7/2023 0:00:00,"DELSME","S-221",2023,"y"
556,"EDSM","23-30-LSR02",2/24/2023 0:00:00,"DELSME","S-224",2023,"y"
557,"EDSM","23-32-SSC02",3/7/2023 0:00:00,"DELSME","S-225",2023,"y"
558,"EDSM","23-34-SSC03",3/21/2023 0:00:00,"DELSME","S-226",2023,"y"
559,"CVP","CVP",1/7/2023 0:00:00,"DELSME","S-405",2023,"y"
560,"CVP","CVP",3/2/2023 0:00:00,"DELSME","S-407",2023,"n"
561,"CVP","CVP",2/14/2023 0:00:00,"DELSME","S-408",2023,"y"
562,"CVP","CVP",2/13/2023 0:00:00,"DELSME","S-409",2023,"y"
563,"CVP","CVP",2/12/2023 0:00:00,"DELSME","S-410",2023,"y"
564,"CVP","CVP",2/22/2023 0:00:00,"DELSME","S-411",2023,"y"
565,"CVP","CVP",2/17/2023 0:00:00,"DELSME","S-412",2023,"y"
566,"CVP","CVP",2/13/2023 0:00:00,"DELSME","S-413",2023,"n"
567,"SWP","SWP",2/8/2023 0:00:00,"DELSME","S-414",2023,"y"
568,"SWP","SWP",2/22/2023 0:00:00,"DELSME","S-415",2023,"y"
569,"SWP","SWP",2/22/2023 0:00:00,"DELSME","S-416",2023,"y"
570,"SWP","SWP",3/2/2023 0:00:00,"DELSME","S-417",2023,"y"
571,"EDSM","23-32-SM03",3/6/2023 0:00:00,"DELSME","S-093",2023,"y"
572,"DJFMP","SB018S",2/19/2023 0:00:00,"DELSME","S-91",2023,"n"
573,"DJFMP","SB018M",6/28/2023 0:00:00,"DELSME","S-227",2023,"y"
574,"EDSM","23-49-SB05",7/7/2023 0:00:00,"DELSME","S-231",2023,"y"
575,"EDSM","24-08-SM08",9/21/2023 0:00:00,"DELSME","S-252",2023,"y"
576,"EDSM","24-09-SM02",9/25/2023 0:00:00,"DELSME","S-253",2023,"y"
577,"EDSM","24-09-SB05",9/28/2023 0:00:00,"DELSME x WAKASA","S-254",2023,"y"
578,"EDSM","24-10-LSR06",10/5/2023 0:00:00,"DELSME","S-519",2023,"y"
579,"EDSM","23-25-SD02",1/17/2023 0:00:00,"DELSME","S-402",2023,"Y"
580,"EDSM","23-27-LSJ06",1/31/2023 0:00:00,"DELSME","S-403",2023,"Y"
581,"EDSM","23-26-SB05",1/24/2023 0:00:00,"DELSME","S-404",2023,
582,"EDSM","24-13-LSR02",10/24/2023 0:00:00,"DELSME","S-520",2023,"Y"
583,"EDSM","24-16-LSR02",11/15/2023 0:00:00,"DELSME","S-529",2023,"Y"
584,"EDSM","24-19-LSR05",12/7/2023 0:00:00,"DELSME","S-325",2023,"Y"
585,"EDSM","24-26-SM04",1/24/2024 0:00:00,"DELSME","S-255",2024,"Y"
586,"EDSM","24-25-LSR06",1/16/2024 0:00:00,"DELSME","S-326",2024,"Y"
587,"EDSM","24-26-SSC03",1/24/2024 0:00:00,"DELSME","S-327",2024,"N"
588,"EDSM","24-26-LSR01",1/25/2024 0:00:00,"DELSME","S-328",2024,"Y"
589,"EDSM","24-28-LSR04",2/8/2024 0:00:00,"DELSME","S-330",2024,"Y"
590,"EDSM","24-28-LSR03",2/7/2024 0:00:00,"DELSME","S-329",2024,"Y"
591,"EDSM","24-27-LSJ05",1/31/2024 0:00:00,"DELSME","S-521",2024,"N"
592,"EDSM","24-28-LSJ02",2/5/2024 0:00:00,"DELSME","S-522",2024,"Y"
593,"EDSM","24-28-LSJ02",2/5/2024 0:00:00,"DELSME","S-523",2024,"Y"
594,"EDSM","24-28-LSJ02",2/5/2024 0:00:00,"DELSME","S-524",2024,"Y"
595,"EDSM","24-28-LSJ04",2/8/2024 0:00:00,"DELSME","S-525",2024,"Y"
596,"EDSM","24-28-SM02",2/6/2024 0:00:00,"DELSME","S-237",2024,"Y"
597,"EDSM","24-27-SM04",2/1/2024 0:00:00,"DELSME","S-258",2024,"Y"
598,"EDSM","24-28-SM01",2/5/2024 0:00:00,"DELSME","S-260",2024,"Y"
599,"EDSM","24-29-LSJ02",2/13/2024 0:00:00,"DELSME","S-526",2024,"Y"
600,"DJFMP","LIB9",2/14/2024 0:00:00,"DELSME","S-331",2024,"Y"
601,"EDSM","24-29-WD01",2/12/2024 0:00:00,"DELSME","S-238",2024,"Y"
602,"EDSM","24-29-SM02",2/14/2024 0:00:00,"DELSME","S-239",2024,"Y"
603,"EDSM","24-29-SM03",2/14/2024 0:00:00,"DELSME","S-240",2024,"y"
604,"EDSM","24-31-LSJ01",2/26/2024 0:00:00,"DELSME","S-527",2024,"y"
605,"EDSM","24-31-LSJ02",2/28/2024 0:00:00,"DELSME","S-528",2024,"y"
606,"EDSM","24-31-LSJ06",2/28/2024 0:00:00,"DELSME","S-530",2024,"y"
607,"EDSM","24-28-LSR02",2/7/2024 0:00:00,"DELSME","S-531",2024,
608,"EDSM","24-31-SM01",2/27/2024 0:00:00,"DELSME","S-281",2024,"y"
609,"EDSM","24-25-LSR06",1/16/2024 0:00:00,"DELSME","LF-591",2024,
610,"EDSM","24-28-SB03",2/7/2024 0:00:00,"DELSME","LF-1300",2024,"y"
611,"EDSM","24-33-SM02",3/11/2024 0:00:00,"DELSME","S-261",2024,"y"
612,"EDSM","24-33-SSC03",3/11/2024 0:00:00,"DELSME","S-332",2024,"y"
613,"EDSM","24-33-LSR02",3/13/2024 0:00:00,"DELSME","S-333",2024,"y"
614,"EDSM","24-35-LSR02",3/25/2024 0:00:00,"DELSME","S-334",2024,"y"
615,"EDSM","24-35-SSC03",3/26/2024 0:00:00,"DELSME","S-335",2024,"y"
616,"EDSM","24-35-SM03",3/25/2024 0:00:00,"DELSME","S-262",2024,"y"
617,"EDSM","24-35-SM03",3/25/2024 0:00:00,"DELSME","S-263",2024,"y"
618,"CVP","CVP",1/27/2024 0:00:00,"DELSME","LF-1961",2024,"y"
619,"CVP","CVP",2/6/2024 0:00:00,"DELSME","LF-1962",2024,"y"
620,"CVP","CVP",2/6/2024 0:00:00,"DELSME","LF-1963",2024,"y"
621,"CVP","CVP",2/9/2024 0:00:00,"DELSME","LF-1964",2024,"n"
622,"CVP","CVP",2/10/2024 0:00:00,"DELSME","LF-1965",2024,
623,"CVP","CVP",2/12/2024 0:00:00,"DELSME","LF-1966",2024,"y"
624,"CVP","CVP",2/13/2024 0:00:00,"DELSME","LF-1967",2024,
625,"CVP","CVP",2/13/2024 0:00:00,"DELSME","LF-1968",2024,"y"
626,"CVP","CVP",2/17/2024 0:00:00,"DELSME","LF-1969",2024,"n"
627,"CVP","CVP",2/17/2024 0:00:00,"DELSME","LF-1970",2024,"y"
628,"CVP","CVP",2/18/2024 0:00:00,"DELSME","LF-1971",2024,"y"
629,"CVP","CVP",2/18/2024 0:00:00,"DELSME","LF-1972",2024,"n"
630,"EDSM","25-02-SB04",8/7/2024 0:00:00,"DELSME","S-341",2024,"Y"
631,"EDSM","25-16-SM03",11/13/2024 0:00:00,"DELSME","S-342",2024,"Y"
632,"CVP","CVP",2/18/2023 0:00:00,"DELSME","S-620",2023,"Y"
633,"CVP","CVP",2/22/2024 0:00:00,"DELSME","S-621",2024,"N"
634,"CVP","CVP",2/23/2024 0:00:00,"DELSME","S-622",2024,"Y"
635,"CVP","CVP",2/23/2024 0:00:00,"DELSME","S-623",2024,"Y"
636,"EDSM","25-21-LSR05",12/19/2024 0:00:00,"DELSME","S-272",2024,"Y"
637,"DJFMP","SR012B",12/19/2024 0:00:00,"DELSME","S-288",2024,"Y"
638,"DJFMP","SR012B",12/19/2024 0:00:00,"DELSME","S-282",2024,"Y"
639,"EDSM","25-32-SSC01",3/6/2025 0:00:00,"DELSME","S277",2025,"Y"
640,"EDSM","25-18-CS10",11/27/2024 0:00:00,"DELSME","S-265",2024,"Y"
641,"EDSM","25-19-LSR04",12/4/2024 0:00:00,"DELSME","S-266",2024,"Y"
642,"EDSM","25-20-CS01",12/12/2024 0:00:00,"DELSME","S-267",2024,
643,"DJFMP","SR012B",12/19/2024 0:00:00,"DELSME","S-284",2024,"Y"
644,"EDSM","25-21-LSR05",12/19/2024 0:00:00,"DELSME","S-271",2024,"Y"
645,"DJFMP","SR012B",12/19/2024 0:00:00,"DELSME","S-283",2024,"Y"
646,"DJFMP","SR012B",12/19/2024 0:00:00,"DELSME","S-285",2024,"Y"
647,"DJFMP","SR012B",12/19/2024 0:00:00,"DELSME","S-286",2024,"Y"
648,"EDSM","25-21-LSR05",12/19/2024 0:00:00,"DELSME","S-273",2024,"Y"
649,"EDSM","25-21-SM01",12/17/2024 0:00:00,"DELSME","S-343",2024,"Y"
650,"EDSM","25-23-LSJ01",12/30/2024 0:00:00,"DELSME","S-532",2024,"Y"
651,"EDSM","25-23-LSR05",12/30/2024 0:00:00,"DELSME","S-268",2024,"y"
652,"EDSM","25-23-SM01",12/30/2024 0:00:00,"DELSME","S-344",2024,"y"
653,"EDSM","25-23-SM05",12/30/2024 0:00:00,"DELSME","S-345",2024,"y"
654,"EDSM","25-23-SB02",12/31/2024 0:00:00,"DELSME","S-346",2024,"y"
655,"EDSM","25-23-SB06",12/31/2024 0:00:00,"DELSME","S-351",2024,"y"
656,"EDSM","25-26-SSC01",1/21/2025 0:00:00,"DELSME","S-276",2025,"y"
657,"EDSM","25-26-CS01",1/23/2025 0:00:00,"DELSME","S-636",2025,"N"
658,"EDSM","25-26-CS01",1/23/2025 0:00:00,"DELSME","S-637",2025,"y"
659,"EDSM","25-27-LSR02",1/27/2025 0:00:00,"DELSME","S-638",2025,"y"
660,"EDSM","25-26-SM03",1/21/2025 0:00:00,"DELSME","S-352",2025,"y"
661,"EDSM","25-24-LSR03",1/6/2025 0:00:00,"DELSME","S-635",2025,"Y"
662,"EDSM","25-25-CS03",1/13/2025 0:00:00,"DELSME","S-270",2025,"Y"
663,"EDSM","25-25-LSR06",1/15/2025 0:00:00,"DELSME","S-287",2025,"Y"
664,"EDSM","25-25-LSR02",1/16/2025 0:00:00,"DELSME","S-275",2025,"Y"
665,"EDSM","25-25-LSJ02",1/13/2025 0:00:00,"DELSME","S-533",2025,"Y"
666,"EDSM","25-25-SM03",1/16/2025 0:00:00,"DELSME","S-350",2025,"Y"
667,"EDSM","25-24-SM06",1/6/2025 0:00:00,"DELSME","S-347",2025,"Y"
668,"EDSM","25-28-LSR04",2/4/2025 0:00:00,"DELSME","S-640",2025,"Y"
669,"EDSM","25-28-LSR03",2/6/2025 0:00:00,"DELSME","S-642",2025,"Y"
670,"EDSM","25-29-SSC04",2/10/2025 0:00:00,"DELSME","S-643",2025,"Y"
671,"EDSM","25-29-CS04",2/11/2025 0:00:00,"DELSME","S-644",2025,"Y"
672,"EDSM","25-28-SSC03",2/5/2025 0:00:00,"DELSME","S-641",2025,"Y"
673,"EDSM","25-29-LSR03",2/13/2025 0:00:00,"DELSME","S-289",2025,"Y"
674,"EDSM","25-29-LSR03",2/13/2025 0:00:00,"DELSME","S-290",2025,"Y"
675,"EDSM","25-29-SM01",2/12/2025 0:00:00,"DELSME","S-366",2025,"Y"
676,"EDSM","25-28-SM01",2/3/2025 0:00:00,"DELSME","S-391",2025,"Y"
677,"EDSM","25-29-SM03",2/12/2025 0:00:00,"DELSME","S-371",2025,"Y"
678,"EDSM","25-29-SM03",2/12/2025 0:00:00,"DELSME","S-373",2025,"Y"
679,"EDSM","25-29-SM03",2/12/2025 0:00:00,"DELSME","S-368",2025,"Y"
680,"EDSM","25-29-SM03",2/12/2025 0:00:00,"DELSME","S-372",2025,"Y"
681,"EDSM","25-29-SM02",2/12/2025 0:00:00,"DELSME","S-362",2025,"Y"
682,"EDSM","25-29-SM02",2/12/2025 0:00:00,"DELSME","S-370",2025,"Y"
683,"EDSM","25-29-SM02",2/12/2025 0:00:00,"DELSME","S-365",2025,"Y"
684,"EDSM","25-29-SM02",2/12/2025 0:00:00,"DELSME","S-369",2025,"Y"
685,"EDSM","25-29-SM02",2/12/2025 0:00:00,"DELSME","S-364",2025,"Y"
686,"EDSM","25-28-SM03",2/3/2025 0:00:00,"DELSME","S-392",2025,"Y"
687,"EDSM","25-29-SM01",2/12/2025 0:00:00,"DELSME","S-367",2025,"Y"
688,"EDSM","25-28-SB03",2/7/2025 0:00:00,"DELSME","S-361",2025,"Y"
689,"EDSM","25-28-SB04",2/7/2025 0:00:00,"DELSME","S-353",2025,"Y"
690,"EDSM","25-29-SM02",2/12/2025 0:00:00,"DELSME","S-363",2025,"Y"
691,"EDSM","25-28-SB02",2/7/2025 0:00:00,"DELSME","S-354",2025,"Y"
692,"EDSM","25-30-SM01",2/20/2025 0:00:00,"DELSME","S-374",2025,"Y"
693,"EDSM","25-29-LSJ04",2/10/2025 0:00:00,"DELSME","S-535",2025,"Y"
694,"EDSM","25-29-LSJ03",2/10/2025 0:00:00,"DELSME","S-534",2025,"Y"
695,"EDSM","25-30-SB03",2/21/2025 0:00:00,"DELSME","S-375",2025,"Y"
696,"EDSM","25-31-SSC01",2/26/2025 0:00:00,"DELSME","S-625",2025,"Y"
697,"EDSM","25-30-SSC01",2/21/2025 0:00:00,"DELSME","S-624",2025,"Y"
698,"EDSM","25-30-LSJ05",2/20/2025 0:00:00,"DELSME","S-536",2025,"Y"
699,"EDSM","25-30-LSJ06",2/21/2025 0:00:00,"DELSME","S-537",2025,"Y"
700,"EDSM","25-33-SM01",3/10/2025 0:00:00,"DELSME","S-377",2025,"Y"
701,"EDSM","25-33-SM01",3/10/2025 0:00:00,"DELSME","S-376",2025,"Y"
702,"EDSM","25-34-SSC01",3/17/2025 0:00:00,"DELSME","S-278",2025,"Y"
703,"EDSM","25-21-LSR04",12/19/2024 0:00:00,"DELSME","S-274",2024,"Y"
704,"EDSM","26-15-SM04",6/20/2025 0:00:00,"DELSME","DS25-045",2025,"y"
705,"EDSM","25-51-LSR02",7/14/2025 0:00:00,"DELSME","DS25-060",2025,"y"
706,"EDSM","26-11-LSR06",10/6/2025 0:00:00,"DELSME","DS26-005",2025,"y"
707,"EDSM","26-11-SM06",10/9/2025 0:00:00,"DELSME","DS26-022",2025,"y"
708,"EDSM","26-05-SM06",8/25/2025 0:00:00,"DELSME","DS26-016",2025,"y"
709,"EDSM","25-51-SM03",7/15/2025 0:00:00,"DELSME","DS25-044",2025,"y"
710,"CVP","CVP",12/17/2024 0:00:00,"DELSME","SAL24-002",2024,"n"
711,"CVP","CVP",1/17/2025 0:00:00,"DELSME","SAL25-001",2025,"y"
712,"CVP","CVP",2/6/2025 0:00:00,"DELSME","SAL25-002",2025,"y"
713,"CVP","CVP",2/13/2025 0:00:00,"DELSME","SAL25-003",2025,"N"
714,"CVP","CVP",2/13/2025 0:00:00,"DELSME","SAL25-004",2025,"y"
715,"EDSM","26-12-SM04",10/17/2025 0:00:00,"DELSME","DS26-029",2025,"y"
716,"EDSM","26-15-SM04",11/6/2025 0:00:00,"DELSME","DS26-017",2025,"y"
717,"EDSM","26-15-SM04",11/6/2025 0:00:00,"DELSME","DS26-019",2025,"y"
718,"EDSM","26-15-SM04",11/6/2025 0:00:00,"DELSME","DS26-020",2025,"y"
719,"EDSM","26-15-SM04",11/6/2025 0:00:00,"DELSME","DS26-021",2025,"y"
720,"EDSM","26-15-SM04",11/6/2025 0:00:00,"DELSME","DS26-018",2025,"y"
721,"EDSM","26-15-SM04",11/6/2025 0:00:00,"DELSME","DS26-096",2025,"y"
722,"EDSM","26-15-SM04",11/6/2025 0:00:00,"DELSME","DS26-028",2025,"y"
723,"EDSM","26-15-SM06",11/6/2025 0:00:00,"DELSME","DS26-023",2025,"y"
724,"EDSM","26-15-SM04",11/6/2025 0:00:00,"DELSME","DS26-025",2025,"y"
725,"EDSM","26-15-SM04",11/6/2025 0:00:00,"DELSME","DS26-026",2025,"y"
726,"EDSM","26-15-SM04",11/6/2025 0:00:00,"DELSME","DS26-024",2025,"y"
727,"EDSM","26-15-SM04",11/6/2025 0:00:00,"DELSME","DS26-027",2025,"y"
728,"EDSM","26-15-SM04",11/6/2025 0:00:00,"DELSME","DS26-030",2025,"n"
729,"EDSM","26-15-SM04",11/6/2025 0:00:00,"DELSME","DS26-097",2025,"y"
730,"EDSM","26-15-SM04",11/6/2025 0:00:00,"DELSME","DS26-091",2025,"y"
731,"EDSM","26-15-SM04",11/6/2025 0:00:00,"DELSME","DS26-092",2025,"y"
732,"EDSM","26-15-SM04",11/6/2025 0:00:00,"DELSME","DS26-093",2025,"y"
733,"EDSM","25-15-SM04",11/6/2025 0:00:00,"DELSME","DS26-095",2025,"Y"
734,"EDSM","26-15-SM04",11/6/2025 0:00:00,"DELSME","DS26-095",2025,"Y"
735,"EDSM","26-16-SM06",11/10/2025 0:00:00,"DELSME","DS26-098",2025,"Y"
736,"EDSM","26-16-SM06",11/10/2025 0:00:00,"DELSME","DS26-099",2025,"Y"
737,"EDSM","26-16-SM06",11/10/2025 0:00:00,"DELSME","DS26-100",2025,"Y"
738,"EDSM","26-16-SM06",11/10/2025 0:00:00,"DELSME","DS26-101",2025,"Y"
739,"EDSM","26-16-SM01",11/10/2025 0:00:00,"DELSME","DS26-102",2025,"Y"
740,"EDSM","26-17-SM05",11/17/2025 0:00:00,"DELSME","DS26-103",2025,"Y"
741,"EDSM","26-17-SM03",11/20/2025 0:00:00,"DELSME","DS26-104",2025,"Y"
742,"EDSM","26-17-SM03",11/20/2025 0:00:00,"DELSME","DS26-105",2025,"Y"
743,"EDSM","26-17-SM03",11/20/2025 0:00:00,"DELSME","DS26-136",2025,"Y"
